Second name, First name,Height(cm),Weight(kg),Country/Team,Country code,Gender,Sport/Discipline
Zhang, Zhaoxu,219,110, China, CHN, M, Basketball
Archibald, Robert,212,115, Team GB, GBR, M, Basketball
Andersen,David,212,102, Australian Olympic Team, AUS, M, Basketball
Bohme, Marcus,211,115, Germany, GER, M, Volleyball
Kaun,Sasha,211,114, Russian Federation,RUS, M, Basketball
Freeland,Joel,211,111, Team GB, GBR, M, Basketball
Clark, Dan,210,109, Team GB, GBR, M, Basketball
Myerscough,Carl,208,160, Team GB, GBR, M, Athletics
Achara,Kieron,208,110, Team GB, GBR, M, Basketball
Turiaf,Ronny,207,109, France,FRA, M, Basketball
MENSAH-BONSU,Pops,206,111, Team GB, GBR, M, Basketball
Newlin,Brett,206,102, Team USA,USA, M, Rowing
Buric, Damir,205,115, Croatia, CRO, M, Water Polo
Reyes, Felipe,205,107, Spain, ESP, M, Basketball
Mccabe,McCABE Conlin,205,100, Canada,CAN, M, Rowing
Barlow,David,205,97,Australian Olympic Team, AUS, M, Basketball
Majewski,Tomasz,204,142, Poland,POL, M, Athletics
Gojun, Jakov,204,110, Croatia, CRO, M, Handball
Mcdermott, McDERMOTT Christopher,204,105, Team GB, GBR, M, Handball
Pipes, Ben,204,90,Team GB, GBR, M, Volleyball
Deng,Luol,203,104, Team GB, GBR, M, Basketball
Sbihi, Mohamed,203,103, Team GB, GBR, M, Rowing
Holmes,Russell,203,93,Team USA,USA, M, Volleyball
Sullivan,Drew,202,98,Team GB, GBR, M, Basketball
Degtyarev, Egor,202,96,Russian Federation,RUS, M, Swimming
Schodowski,Zbigniew,202,95,Poland,POL, M, Rowing
Cadee, Erik,201,120, Netherlands, NED, M, Athletics
Egington,Richard,200,105, Team GB, GBR, M, Rowing
Grozer,Gyorgy,200,104, Germany, GER, M, Volleyball
Gulyas,Peter,200,102, Hungary, HUN, M, Handball
Maoua, Atef,200,100, Tunisia, TUN, M, Basketball
Parker,Jesper,200,100, Team GB, GBR, M, Handball
Howard,Malcolm,200,100, Canada,CAN, M, Rowing
Parker,Rob,200,100, Team GB, GBR, M, Water Polo
Lamont,Christopher,200,80,Team GB, GBR, M, Volleyball
Zhang, Guowei,200,77,China, CHN, M, Athletics
Lucas, Bill,199,100, Team GB, GBR, M, Rowing
Townsend,Sam,199,100, Team GB, GBR, M, Rowing
Li,Xiayan,199,98,China, CHN, M, Swimming
Solesbury, Tom,199,97,Team GB, GBR, M, Rowing
Wende, Phillipp,199,89,Germany, GER, M, Rowing
Nikfar,Amin,198,130, Iran,IRI, M, Athletics
Brooks,Lance,198,123, Team USA,USA, M, Athletics
Harradine, Benn,198,115, Australian Olympic Team, AUS, M, Athletics
Chioveanu, Mihnea,198,115, Romania, ROU, M, Water Polo
Joshua,Anthony,198,106, Team GB, GBR, M, Boxing
Aranowski, Krystian,198,100, Poland,POL, M, Rowing
Moore, Graeme,198,98,South Africa,RSA, M, Swimming
Soro,Slobodan,198,98,Serbia,SRB, M, Water Polo
Grotowski, Steve,198,92,Team GB, GBR, M, Beach Volleyball
Wilson,Peter,198,90,Team GB, GBR, M, Shooting
Benedetti, Nicola,198,88,Italy, ITA, M, Modern Pentathlon
Rooney,Martyn,198,81,Team GB, GBR, M, Athletics
FOX - PITT,William,198,76,Team GB, GBR, M, Equestrian
Okoye, Lawrence,197,129, Team GB, GBR, M, Athletics
Dinart,Didier,197,104, France,FRA, M, Handball
Zlokovic,Boris,197,100, Montenegro,MNE, M, Water Polo
Reed,Peter,197,100, Team GB, GBR, M, Rowing
Searle,Greg,197,97,Team GB, GBR, M, Rowing
Pahapill,Mikk,197,95,Estonia, EST, M, Athletics
Bakare,Oluwadamilola,197,93,Team GB, GBR, M, Volleyball
Idowu, Phillips,197,87,Team GB, GBR, M, Athletics
Scott, Ed,197,85,Team GB, GBR, M, Water Polo
Tomlinson, Chris,197,84,Team GB, GBR, M, Athletics
Sziranyi Somogyi,Balazs,196,108, Spain, ESP, M, Water Polo
Hansen,Mikkel,196,98,Denmark, DEN, M, Handball
Hacker,Marcel,196,97,Germany, GER, M, Rowing
Kiss,Daniel,196,96,Hungary, HUN, M, Athletics
Brown, Adam,196,95,Team GB, GBR, M, Swimming
Bakare,Peter,196,93,Team GB, GBR, M, Volleyball
Bolt,Usain,196,93,Jamaica, JAM, M, Athletics
Shankland, Leith,196,90,South Africa,RSA, M, Swimming
Reif,Christian,196,85,Germany, GER, M, Athletics
Coates,Sebastian,196,85,Uruguay, URU, M, Football
Vonarburg, Andre,195,100, Switzerland, SUI, M, Rowing
Bahdanovich, Andrei,195,97,Belarus, BLR, M, Canoe Sprint
Nash,George,195,97,Team GB, GBR, M, Rowing
Langridge, Matthew,195,96,Team GB, GBR, M, Rowing
Omarov,Magomed,195,93,Russian Federation,RUS, M, Boxing
Hockin Brusquetti, Benjamin,195,90,Paraguay,PAR, M, Swimming
Magnussen, James,195,90,Australian Olympic Team, AUS, M, Swimming
Mcgivern,McGIVERN Mark,195,87,Team GB, GBR, M, Volleyball
Plotyczer, Mark,195,86,Team GB, GBR, M, Volleyball
Chondrokoukis, Dimitrios,195,65,Greece,GRE, M, Athletics
Padar, Martin,194,140, Estonia, EST, M, Judo
Sherrington, Christopher,194,135, Team GB, GBR, M, Judo
Afroudakis,Georgios,194,103, Greece,GRE, M, Water Polo
DUNKLEY-SMITH, Joshua,194,98,Australian Olympic Team, AUS, M, Rowing
Ryabtsev,Vladislav,194,97,Russian Federation,RUS, M, Rowing
El Sayed,Ihab Abdelrahman,194,96,Egypt, EGY, M, Athletics
Satch, Will,194,94,Team GB, GBR, M, Rowing
Louw,Gideon,194,93,South Africa,RSA, M, Swimming
Adams, Lyukman,194,87,Russian Federation,RUS, M, Athletics
Siegrist,Benjamin,194,85,Switzerland, SUI, M, Football
Groteluschen,Simon,194,84,Germany, GER, M, Sailing Men's Laser
Perez Vertti Ferrer, Arturo,194,80,Mexico,MEX, M, Swimming
Green, Jack,194,80,Team GB, GBR, M, Athletics
Krovyakov, Sergey,194,74,Turkmenistan,TKM, M, Swimming
Michel,Ciara,194,70,Team GB, GBR, W, Volleyball
Elder, Robert,193,115, Fiji,FIJ, M, Archery Men's Individual
Davis, James,193,100, Team GB, GBR, M, Fencing Men's Individual Foil
Ruday, Mikhail,193,95,Kazakhstan,KAZ, M, Water Polo
Paonessa,Mario,193,95,Italy, ITA, M, Rowing
Barroilhet,Gonzalo,193,94,Chile, CHI, M, Athletics
Udovicic,Vanja,193,94,Serbia,SRB, M, Water Polo
Partridge, Alex,193,93,Team GB, GBR, M, Rowing
James, Ciaran,193,93,Team GB, GBR, M, Water Polo
Ochal, Glenn,193,93,Team USA,USA, M, Rowing
Rowbotham, Stephen,193,93,Team GB, GBR, M, Rowing
James, Tom,193,93,Team GB, GBR, M, Rowing
Pinner,George,193,93,Team GB, GBR, M, Hockey
Hare,Martin,193,93,Team GB, GBR, M, Handball
King,Sean,193,91,Team GB, GBR, M, Water Polo
Sluis, Nanne,193,88,Netherlands, NED, M, Rowing
Mccarthy,McCARTHY Alex,193,88,Team GB, GBR, M, Football
Chevallier,Seba,193,88,Switzerland, SUI, M, Beach Volleyball
Kynard,Erik,193,86,Team USA,USA, M, Athletics
Turner,Grant,193,86,Team GB, GBR, M, Swimming
Pink,Andrew,193,85,Team GB, GBR, M, Volleyball
Lloyd, Ieuan,193,83,Team GB, GBR, M, Swimming
Sliskovic, Iva,193,82,Croatia, CRO, W, Basketball
Izotov,Danila,193,82,Russian Federation,RUS, M, Swimming
Houghton,Frances,193,81,Team GB, GBR, W, Rowing
Fagbenle,Temi,193,79,Team GB, GBR, W, Basketball
Fildebrandt, Christoph,193,78,Germany, GER, M, Swimming
Thornley,Victoria,193,76,Team GB, GBR, W, Rowing
Rasic, Milena,193,75,Serbia,SRB, W, Volleyball
Buhari,Abdul,192,125, Team GB, GBR, M, Athletics
Triggs Hodge,Andrew,192,100, Team GB, GBR, M, Rowing
CASSARA',Andrea,192,90,Italy, ITA, M, Fencing Men's Individual Foil
Buffet,Romain,192,90,France,FRA, M, Judo
Mankoc,Peter,192,88,Slovenia,SLO, M, Swimming
Chen,Weiwu,192,88,China, CHN, M, Swimming
Toumarkin, Yakov,192,87,Israel,ISR, M, Swimming
Ukumanov,Rustam,192,86,Kazakhstan,KAZ, M, Water Polo
Shi, Dongpeng,192,85,China, CHN, M, Athletics
Podhrasky, Martin,192,85,Czech Republic,CZE, M, Shooting
Baji,Balazs,192,83,Hungary, HUN, M, Athletics
Honeybone, James,192,81,Team GB, GBR, M, Fencing Men's Individual Sabre
DISNEY-MAY,James,192,78,Team GB, GBR, M, Swimming
Kim, Yeon-Koung,192,73,South Korea, KOR, W, Volleyball
Luckwell,Mervyn,191,104, Team GB, GBR, M, Athletics
Lambourne, Richard,191,100, Team USA,USA, M, Volleyball
Kaynar,Alican,191,97,Turkey,TUR, M, Sailing Men's Finn
Campbell,Alan,191,96,Team GB, GBR, M, Rowing
Shurshin,Nikita,191,95,Russian Federation,RUS, M, Cycling - Track Men's Sprint
Busila,Andrei,191,92,Romania, ROU, M, Water Polo
Losert,Venio,191,92,Croatia, CRO, M, Handball
Calderon,Jose,191,90,Spain, ESP, M, Basketball
Hutchins,Ross,191,87,Team GB, GBR, M, Tennis
Miller,Joel,191,86,Team GB, GBR, M, Volleyball
French,Nathan,191,86,Team GB, GBR, M, Volleyball
Westbrook, Russell,191,85,Team USA,USA, M, Basketball
Morgan,Christopher,191,85,Australian Olympic Team, AUS, M, Rowing
Lewis, Steven,191,84,Team GB, GBR, M, Athletics
Kim, Yoo Suk,191,84,South Korea, KOR, M, Athletics
Lopez, Steven,191,83,Team USA,USA, M, Taekwondo
Boom,Lars,191,81,Netherlands, NED, M, Cycling - Road
Millar,David,191,78,Team GB, GBR, M, Cycling - Road
Buikevich, Aliaksandr,191,75,Belarus, BLR, M, Fencing Men's Team Sabre
Hooker,Destinee,191,75,Team USA,USA, W, Volleyball
Handy, Chantelle,191,74,Team GB, GBR, W, Basketball
Eltrabily, Abdelrahman,190,120, Egypt, EGY, M, Wrestling
Salman,Ali Nadhim,190,120, Iraq,IRQ, M, Wrestling
Morse, Brett,190,110, Team GB, GBR, M, Athletics
Jefferies, Richard,190,100, Team GB, GBR, M, Canoe Sprint
Louloudis, Constantine,190,94,Team GB, GBR, M, Rowing
Kleinert,Nadine,190,94,Germany, GER, W, Athletics
Booth, Joshua,190,93,Australian Olympic Team, AUS, M, Rowing
Hauffe,Gregor,190,93,Germany, GER, M, Rowing
Kogovsek,Andres,190,92,Argentina, ARG, M, Handball
Bolshakov, Sergey,190,90,Russian Federation,RUS, M, Swimming
Tziallas,Georgios,190,90,Greece,GRE, M, Rowing
Dvorak,Filip,190,89,Czech Republic,CZE, M, Canoe Sprint
Pearce,John,190,88,Team GB, GBR, M, Handball
Papachristos,Stergios,190,88,Greece,GRE, M, Rowing
Steele,Jason,190,87,Team GB, GBR, M, Football
Garcia,Fernando Gabriel,190,85,Argentina, ARG, M, Handball
Kruse, Richard,190,85,Team GB, GBR, M, Fencing Men's Individual Foil
Park,Chanyoung,190,85,South Korea, KOR, M, Handball
Davies,David,190,84,Team GB, GBR, M, Swimming
Platnitski,Dzmitry,190,84,Belarus, BLR, M, Athletics
Ali, Kame,190,83,Madagascar,MAD, M, Athletics
Murray,Jamie,190,82,Team GB, GBR, M, Tennis
Gao, Song,190,81,China, CHN, W, Basketball
Dimitrov,Grigor,190,81,Bulgaria,BUL, M, Tennis
Obame, Anthony,190,80,Gabon, GAB, M, Taekwondo
Viteckova, Eva,190,80,Czech Republic,CZE, W, Basketball
Stannard,Ian,190,80,Team GB, GBR, M, Cycling - Road
Montemayor,Ricardo,190,80,Mexico,MEX, M, Sailing Men's Laser
Xue, Chen,190,79,China, CHN, W, Beach Volleyball
Fyrstenberg, Mariusz,190,79,Poland,POL, M, Tennis
Gbagbeke,Stanley,190,79,Nigeria, NGR, M, Athletics
Pozzi, Andrew,190,78,Team GB, GBR, M, Athletics
Chintoan,Rares Daniel,189,120, Romania, ROU, M, Wrestling
Scholefield, Adam,189,99,Team GB, GBR, M, Water Polo
Kirkbride, Peter,189,94,Team GB, GBR, M, Weightlifting
Smith, Richard,189,93,Team GB, GBR, M, Hockey
Narcisse,Daniel,189,93,France,FRA, M, Handball
Braithwaite, Michael,189,91,Canada,CAN, M, Rowing
Peralta Jara,Yamil,189,91,Argentina, ARG, M, Boxing
Uru, Jade,189,88,New Zealand, NZL, M, Rowing
Reinking,Nate,189,88,Team GB, GBR, M, Basketball
Brabants,Tim,189,88,Team GB, GBR, M, Canoe Sprint
Hernandez Colina,Igor,189,87,Venezuela, VEN, M, Beach Volleyball
Pieterse,Erasmus,189,85,South Africa,RSA, M, Hockey
Lenzly,Mike,189,85,Team GB, GBR, M, Basketball
Ouseph,Rajiv,189,82,Team GB, GBR, M, Badminton
Lazuka,Yevgeniy,189,81,Azerbaijan,AZE, M, Swimming
Andreeva,Viktoriia,189,76,Russian Federation,RUS, W, Swimming
Osagie,Andrew,189,72,Team GB, GBR, M, Athletics
Baroev,Khasan,188,120, Russian Federation,RUS, M, Wrestling
Bindrich,Karsten,188,105, Germany, GER, M, Shooting
Austin,James,188,100, Team GB, GBR, M, Judo
Hostetler, Cyrus,188,98,Team USA,USA, M, Athletics
Agamennoni,Luca,188,96,Italy, ITA, M, Rowing
Jurkowski, Kenneth,188,95,Team USA,USA, M, Rowing
Ryder, Sean,188,94,Team GB, GBR, M, Water Polo
Sendriute, Zinaida,188,94,Lithuania, LTU, W, Athletics
Wells, Matthew,188,90,Team GB, GBR, M, Rowing
Robinson,Glen,188,90,Team GB, GBR, M, Water Polo
Sireau,Kevin,188,90,France,FRA, M, Cycling - Track Men's Team Sprint
Lindberg,Hans,188,88,Denmark, DEN, M, Handball
Lawrence,Andrew,188,87,Team GB, GBR, M, Basketball
Sarmiento Melian,Daniel,188,87,Spain, ESP, M, Handball
Rutherford,Greg,188,87,Team GB, GBR, M, Athletics
Hochschorner,Peter,188,87,Slovakia,SVK, M, Canoe Slalom
Allen, Dominique,188,86,Team GB, GBR, W, Basketball
Wilkinson, Michael,188,86,Canada,CAN, M, Rowing
Willis,Andrew,188,85,Team GB, GBR, M, Swimming
Page,Julie,188,85,Team GB, GBR, W, Basketball
Dragusin,Mihai,188,85,Romania, ROU, M, Water Polo
Murray,Andy,188,84,Team GB, GBR, M, Tennis
Fraser,Brett,188,84,Cayman Islands,CAY, M, Swimming
O'MALLEY,Kieran,188,82,Team GB, GBR, M, Volleyball
Daly,Matthew,188,82,Team GB, GBR, M, Hockey
Djokovic,Novak,188,82,Serbia,SRB, M, Tennis
Verdasco,Fernando,188,81,Spain, ESP, M, Tennis
Browne,Marcus,188,81,Team USA,USA, M, Boxing
Butler,Kim,188,80,Team GB, GBR, W, Basketball
Muhammad,Lulato,188,80,Team GB, GBR, M, Taekwondo
Buck,Richard,188,80,Team GB, GBR, M, Athletics
Vreeland,Shannon,188,79,Team USA,USA, W, Swimming
Dawson,Craig,188,78,Team GB, GBR, M, Football
Woodbridge,Nick,188,78,Team GB, GBR, M, Modern Pentathlon
Florence,David,188,77,Team GB, GBR, M, Canoe Slalom
Sturridge, Daniel,188,76,Team GB, GBR, M, Football
Williams,James,188,75,Team USA,USA, M, Fencing Men's Team Sabre
Crow,Kim,188,74,Australian Olympic Team, AUS, W, Rowing
Hayes, Stuart,188,72,Team GB, GBR, M, Triathlon
Mccormick, McCORMICK Nick,188,70,Team GB, GBR, M, Athletics
Baddeley,Andrew,188,69,Team GB, GBR, M, Athletics
Gille, Bertrand,187,98,France,FRA, M, Handball
Farquhar,Stuart,187,98,New Zealand, NZL, M, Athletics
Percy, Iain,187,95,Team GB, GBR, M, Sailing Men's Star
Waller,Jack,187,95,Team GB, GBR, M, Water Polo
Gordon,Winston,187,90,Team GB, GBR, M, Judo
Wang,Ming-Hui,187,88,Chinese Taipei,TPE, M, Rowing
Van Hove,van HOVE Benjamin,187,85,Belgium, BEL, M, Hockey
Wilson,Alastair,187,84,Team GB, GBR, M, Hockey
Weale, Sam,187,83,Team GB, GBR, M, Modern Pentathlon
Mohr,Christopher,187,83,Team GB, GBR, M, Handball
El Kaddouri, Omar,187,82,Morocco, MAR, M, Football
Mohsen,Marwan,187,82,Egypt, EGY, M, Football
Asgari,Rohollah,187,82,Iran,IRI, M, Athletics
Gougnard,Simon,187,82,Belgium, BEL, M, Hockey
Muzaffer,Bahram,187,81,Turkey,TUR, M, Boxing
Kim, Seung Gyu,187,80,South Korea, KOR, M, Football
Ha,Jeemin,187,80,South Korea, KOR, M, Sailing Men's Laser
Prieto,Sebastian,187,80,Team GB, GBR, M, Handball
Tobin, Robert,187,79,Team GB, GBR, M, Athletics
Satchwell, Nicholas,187,78,Team GB, GBR, M, Handball
Clarke,Lawrence,187,78,Team GB, GBR, M, Athletics
Slobodenyuk, Vadym,187,77,Ukraine, UKR, M, Athletics
Davenport, Ross,187,76,Team GB, GBR, M, Swimming
Bourke,Fiona,187,75,New Zealand, NZL, W, Rowing
Kim, Younggwon,187,74,South Korea, KOR, M, Football
Chambers,Peter,187,73,Team GB, GBR, M, Rowing
Darnel,Neslihan,187,72,Turkey,TUR, W, Volleyball
Seibt, Bastian,187,71,Germany, GER, M, Rowing
Maher, Ben,187,68,Team GB, GBR, M, Equestrian
Castro,Sheilla,187,67,Brazil,BRA, W, Volleyball
Zhang, Jun,186,120, China, CHN, M, Athletics
Williamson,Simeon,186,95,Team GB, GBR, M, Athletics
Karina,Endri,186,94,Albania, ALB, M, Weightlifting
Pinzon Garcia, Omar,186,85,Colombia,COL, M, Swimming
Storey,John,186,85,New Zealand, NZL, M, Rowing
Marsagishvili, Dato,186,84,Georgia, GEO, M, Wrestling
Grandjean, Yoris,186,82,Belgium, BEL, M, Swimming
Jamieson,Michael,186,81,Team GB, GBR, M, Swimming
Draper,Warwick,186,79,Australian Olympic Team, AUS, M, Canoe Slalom
Chen,Zuo,186,79,China, CHN, M, Swimming
Clancy,Ed,186,77,Team GB, GBR, M, Cycling - Track Men's Omnium
Loughran,Marco,186,75,Team GB, GBR, M, Swimming
Sanchez Gil, Luis Leon,186,73,Spain, ESP, M, Cycling - Road
Warburton, Gareth,186,72,Team GB, GBR, M, Athletics
Oh,Sang Eun,186,72,South Korea, KOR, M, Table Tennis
Purchase,Zac,186,72,Team GB, GBR, M, Rowing
Svennerstal, Ludvig,186,69,Sweden,SWE, M, Equestrian
Brata, Daniel,185,100, Romania, ROU, M, Judo
Casanova,Elisa,185,100, Italy, ITA, W, Water Polo
Hoy, Sir Chris,185,93,Team GB, GBR, M, Cycling - Track Men's Sprint
Foad,James,185,90,Team GB, GBR, M, Rowing
Nyhaug,Tory,185,90,Canada,CAN, M, Cycling - BMX
Atkins,Derrick,185,88,Bahamas, BAH, M, Athletics
Gong,Lei,185,88,China, CHN, M, Sailing Men's Finn
Mcevoy,McEVOY Cameron,185,85,Australian Olympic Team, AUS, M, Swimming
Hargreaves,Sarah,185,84,Team GB, GBR, W, Handball
Turay, Ibrahim,185,83,Sierra Leone,SLE, M, Athletics
Schneider, Thomas,185,83,Germany, GER, M, Athletics
Rhodes,Jordan,185,83,Team GB, GBR, M, Football
Eaton, Ashton,185,82,Team USA,USA, M, Athletics
Myers, Tim,185,81,New Zealand, NZL, M, Football
Huseynli,Vatan,185,81,Azerbaijan,AZE, M, Boxing
Rodriguez, Jose,185,80,Mexico,MEX, M, Football
Burch, Roy,185,80,Bermuda, BER, M, Swimming
Yeremyan,Arman,185,80,Armenia, ARM, M, Taekwondo
Ovono, Didier,185,79,Gabon, GAB, M, Football
Gnabouyou, Marie-Paule,185,79,France,FRA, W, Handball
Fair,James,185,79,Team GB, GBR, M, Hockey
Mitchell,Manteo,185,79,Team USA,USA, M, Athletics
Ando,Shunsuke,185,79,Japan, JPN, M, Football
Greene,Dai,185,78,Team GB, GBR, M, Athletics
Chatterton,Renee,185,78,Australian Olympic Team, AUS, W, Rowing
Monaco,Juan,185,77,Argentina, ARG, M, Tennis
Larionov,Dmitry,185,76,Russian Federation,RUS, M, Canoe Slalom
Millar,Ian,185,76,Canada,CAN, M, Equestrian
Gough, Westley,185,75,New Zealand, NZL, M, Cycling - Track Men's Team Pursuit
Williams,Rob,185,75,Team GB, GBR, M, Rowing
Williams,Venus,185,75,Team USA,USA, W, Tennis
Hernandez, Abel,185,73,Uruguay, URU, M, Football
Williams,Rhys,185,73,Team GB, GBR, M, Athletics
Djerisilo, Ivana,185,72,Serbia,SRB, W, Volleyball
Johansson, Jennie,185,72,Sweden,SWE, W, Swimming
Tsakonas,Likourgos-Stefanos,185,72,Greece,GRE, M, Athletics
Froome,Christopher,185,71,Team GB, GBR, M, Cycling - Road
Brownlee,Alistair,185,70,Team GB, GBR, M, Triathlon
Huizenga,Jenning,185,70,Netherlands, NED, M, Cycling - Track Men's Team Pursuit
Cork,Jack,185,69,Team GB, GBR, M, Football
Miller,Shaunae,185,69,Bahamas, BAH, W, Athletics
Martin,Boyd,185,68,Team USA,USA, M, Equestrian
Rimmer,Michael,185,67,Team GB, GBR, M, Athletics
Deakes,Nathan,185,66,Australian Olympic Team, AUS, M, Athletics
Jargalsaikhan, Chuluunbat,184,116, Mongolia,MGL, M, Wrestling
Ivashchenko, Elena,184,103, Russian Federation,RUS, W, Judo
Bryant,Karina,184,103, Team GB, GBR, W, Judo
Kim, Youngkwang,184,85,South Korea, KOR, M, Football
Dudas, Mihail,184,84,Serbia,SRB, M, Athletics
Watt,Mitchell,184,83,Australian Olympic Team, AUS, M, Athletics
Seric, Andrea,184,82,Croatia, CRO, W, Handball
Yakovlev,Vladislav,184,82,Kazakhstan,KAZ, M, Rowing
Zeller,Philipp,184,81,Germany, GER, M, Hockey
WALKER-HEBBORN,Chris,184,80,Team GB, GBR, M, Swimming
Melzer,Jurgen,184,80,Austria, AUT, M, Tennis
Bahawi,Nesar Ahmad,184,80,Afghanistan, AFG, M, Taekwondo
Clarke,Jonathan,184,79,Team GB, GBR, M, Hockey
Abrantes,Arnaldo,184,78,Portugal,POR, M, Athletics
Grubisic,Jelena,184,78,Croatia, CRO, W, Handball
Offereins, Ben,184,76,Australian Olympic Team, AUS, M, Athletics
Imre,Geza,184,76,Hungary, HUN, M, Fencing Men's Individual Epee
Jumah, Bayan,184,75,Syria, SYR, W, Swimming
Carry, David,184,75,Team GB, GBR, M, Swimming
Bragg, Rachel,184,75,Team GB, GBR, W, Volleyball
Reeve, Louisa,184,73,Team GB, GBR, W, Rowing
Niyomugabo,Jackson,184,71,Rwanda,RWA, M, Swimming
Yousif,Rabah,184,71,Sudan, SUD, M, Athletics
Marco, Luis Alberto,184,70,Spain, ESP, M, Athletics
Chai,Biao,184,70,China, CHN, M, Badminton
Talbot,Daniel,184,69,Team GB, GBR, M, Athletics
Ota, Kazuomi,183,145, Japan, JPN, M, Weightlifting
Smith, Alexander,183,115, Team GB, GBR, M, Athletics
Figes, Craig,183,90,Team GB, GBR, M, Water Polo
Romeu, Oriol,183,89,Spain, ESP, M, Football
Schenkel,Reto,183,89,Switzerland, SUI, M, Athletics
Zhou,Peng,183,88,China, CHN, M, Canoe Sprint
Heath, Liam,183,87,Team GB, GBR, M, Canoe Sprint
Paul,Chris,183,86,Team USA,USA, M, Basketball
Tanrikulu, Bahri,183,85,Turkey,TUR, M, Taekwondo
Spofforth, Gemma,183,85,Team GB, GBR, W, Swimming
Dodig, Ivan,183,83,Croatia, CRO, M, Tennis
Hunter,Daniel,183,83,Team GB, GBR, M, Volleyball
Farnik,Thomas,183,83,Austria, AUT, M, Shooting
Kontides,Pavlos,183,82,Cyprus,CYP, M, Sailing Men's Laser
Riparelli, Jacques,183,81,Italy, ITA, M, Athletics
Moore, Robert,183,81,Team GB, GBR, M, Hockey
Hester,Carl,183,81,Team GB, GBR, M, Equestrian
Williams,Ciaran,183,81,Team GB, GBR, M, Handball
Dekeyser,Jerome,183,81,Belgium, BEL, M, Hockey
Adcock,Chris,183,80,Team GB, GBR, M, Badminton
Grainger,Katherine,183,80,Team GB, GBR, W, Rowing
Fox, Daniel,183,79,Team GB, GBR, M, Hockey
Lewers,Iain,183,79,Team GB, GBR, M, Hockey
Feck,Stephan,183,79,Germany, GER, M, Diving
O'KEEFFE,Michael,183,78,New Zealand, NZL, M, Football
Turner,Andy,183,78,Team GB, GBR, M, Athletics
Carter,Grace,183,78,Team GB, GBR, W, Volleyball
Palameika, Madara,183,76,Latvia,LAT, W, Athletics
Benson,Craig,183,76,Team GB, GBR, M, Swimming
Rosowsky,Husayn,183,76,Team GB, GBR, M, Fencing Men's Individual Foil
Hounslow,Richard,183,76,Team GB, GBR, M, Canoe Slalom
LENNON-FORD, Luke,183,75,Team GB, GBR, M, Athletics
Burke, Steven,183,74,Team GB, GBR, M, Cycling - Track Men's Team Pursuit
Povazsay,Eszter,183,74,Hungary, HUN, W, Swimming
Alkamali,Hamdan,183,74,United Arab Emirates,UAE, M, Football
Kopp,Pavol,183,74,Slovakia,SVK, M, Shooting
Chambers,Richard,183,74,Team GB, GBR, M, Rowing
Caianiello,Andrea,183,73,Italy, ITA, M, Rowing
Ally,Bradley,183,73,Barbados,BAR, M, Swimming
Larson,Breeja,183,73,Team USA,USA, W, Swimming
Villar,Paulo,183,73,Colombia,COL, M, Athletics
Leaf,Savanah,183,73,Team GB, GBR, W, Volleyball
Luini, Elia,183,72,Italy, ITA, M, Rowing
Rhodes,Ben,183,72,Team GB, GBR, M, Sailing Men's 49er
Thomas,Geraint,183,71,Team GB, GBR, M, Cycling - Track Men's Team Pursuit
Sakai, Hiroki,183,70,Japan, JPN, M, Football
Fudge, Kathryn,183,70,Team GB, GBR, W, Handball
Pawlowski, Lukasz,183,70,Poland,POL, M, Rowing
Muda,Tycho,183,70,Netherlands, NED, M, Rowing
Sichenikova, Lidiia,183,68,Ukraine, UKR, W, Archery Women's Team
JOHNSON-THOMPSON,Katarina,183,68,Team GB, GBR, W, Athletics
Boyle, Lauren,183,67,New Zealand, NZL, W, Swimming
Lawrence,Micah,183,66,Team USA,USA, W, Swimming
Pitchford, Liam,183,57,Team GB, GBR, M, Table Tennis
Pliev, Khetag,182,96,Canada,CAN, M, Wrestling
De Vecchi, de VECCHI Manuel,182,91,Italy, ITA, M, Cycling - BMX
Knox,Bronwen,182,88,Australian Olympic Team, AUS, W, Water Polo
Van Koeverden, van KOEVERDEN Adam,182,85,Canada,CAN, M, Canoe Sprint
Stott, Etienne,182,83,Team GB, GBR, M, Canoe Slalom
Burton,Euan,182,83,Team GB, GBR, M, Judo
Pannecoucke, Laurens,182,82,Belgium, BEL, M, Canoe Sprint
Awde,Daniel,182,82,Team GB, GBR, M, Athletics
Tchrikishvili, Avtandil,182,81,Georgia, GEO, M, Judo
Schofield, Jon,182,80,Team GB, GBR, M, Canoe Sprint
Martin,Harry,182,77,Team GB, GBR, M, Hockey
Morganella,Michel,182,77,Switzerland, SUI, M, Football
Edgar, Sebastien,182,76,Team GB, GBR, M, Handball
Muff,Werner,182,76,Switzerland, SUI, M, Equestrian
Williams,Conrad,182,75,Team GB, GBR, M, Athletics
Cullen,Crista,182,75,Team GB, GBR, W, Hockey
Wilson,Melanie,182,75,Team GB, GBR, W, Rowing
Scheuber,Patrick,182,75,Switzerland, SUI, M, Shooting
Jung,Jinhwa,182,74,South Korea, KOR, M, Modern Pentathlon
Kingma,Nienke,182,74,Netherlands, NED, W, Rowing
Dalby, Camilla,182,73,Denmark, DEN, W, Handball
Hunter,Mark,182,73,Team GB, GBR, M, Rowing
Hogerwerf, Elisabeth,182,72,Netherlands, NED, W, Rowing
Leighton,Fran,182,72,Team GB, GBR, W, Water Polo
Bachmann,Sebastian,182,71,Germany, GER, M, Fencing Men's Individual Foil
Yamamoto,Kohei,182,69,Japan, JPN, M, Cycling - Mountain Bike Men's Mountain Bike
Sun, Jie,182,69,China, CHN, M, Rowing
Matienko,Anna,182,68,Russian Federation,RUS, W, Volleyball
Yim, Junghyun,182,66,South Korea, KOR, M, Athletics
Zevina,Daryna,182,64,Ukraine, UKR, W, Swimming
Inoue, Kaori,182,59,Japan, JPN, W, Volleyball
Dolassem,Dieudonne,181,88,Cameroon,CMR, M, Judo
Hall,Luke,181,85,Swaziland, SWZ, M, Swimming
Freixa,Santiago,181,85,Spain, ESP, M, Hockey
Cortes,Francisco,181,80,Spain, ESP, M, Hockey
Van Der Horst, van der HORST Robert,181,77,Netherlands, NED, M, Hockey
Fu,Haifeng,181,77,China, CHN, M, Badminton
Ogogo, Anthony,181,75,Team GB, GBR, M, Boxing
Mortensen, Karin,181,75,Denmark, DEN, W, Handball
Innes, Laura,181,75,Team GB, GBR, W, Handball
Marshall,Savannah,181,75,Team GB, GBR, W, Boxing
Stanning,Heather,181,74,Team GB, GBR, W, Rowing
Persse,Lee-Ann,181,74,South Africa,RSA, W, Rowing
Tadd,Stacey,181,74,Team GB, GBR, W, Swimming
Ibragimov, Rinat,181,73,Kazakhstan,KAZ, M, Judo
Carvalho,Diogo,181,73,Portugal,POR, M, Swimming
Skov,Rikke,181,73,Denmark, DEN, W, Handball
Warfe, Glenn,181,72,Australian Olympic Team, AUS, M, Badminton
Wells, Ashlee,181,71,Australian Olympic Team, AUS, W, Hockey
Liu, Zige,181,70,China, CHN, W, Swimming
Ball,Ashleigh,181,70,Team GB, GBR, W, Hockey
Deeva, Daria,181,69,Russian Federation,RUS, W, Swimming
Bardsley,Karen,181,69,Team GB, GBR, W, Football
Young, Alison,181,67,Team GB, GBR, W, Sailing Women's Laser Radial
Begu,Irina-Camelia,181,67,Romania, ROU, W, Tennis
Oates, Colin,181,66,Team GB, GBR, M, Judo
Stokes,Stuart,181,65,Team GB, GBR, M, Athletics
Scott, Jill,181,64,Team GB, GBR, W, Football
Morosanu,Angela,181,62,Romania, ROU, W, Athletics
AL-ATHBA,Rashid,180,104, Qatar, QAT, M, Shooting
Cerra, Juan Ignacio,180,100, Argentina, ARG, M, Athletics
Terry, Simon,180,100, Team GB, GBR, M, Archery Men's Individual
LEWIS-FRANCIS, Mark,180,95,Team GB, GBR, M, Athletics
Kavelasvili, David,180,94,Greece,GRE, M, Weightlifting
Baier, Maik,180,91,Germany, GER, M, Cycling - BMX
Kone,Kinapeya,180,90,Ivory Coast, CIV, M, Judo
Meloni,Roberto,180,90,Italy, ITA, M, Judo
Parsonage, Alex,180,87,Team GB, GBR, M, Water Polo
Karakasevic, Aleksandar,180,84,Serbia,SRB, M, Table Tennis
Ram, Andy,180,83,Israel,ISR, M, Tennis
Ekimov,Leonid,180,83,Russian Federation,RUS, M, Shooting
Faulds,Richard,180,83,Team GB, GBR, M, Shooting
Richards,Micah,180,82,Team GB, GBR, M, Football
Goodison,Paul,180,82,Team GB, GBR, M, Sailing Men's Laser
Bonevacia, Liemarvin,180,81,Independent Olympic Athletes,IOA, M, Athletics
Mitchell,Ethan,180,81,New Zealand, NZL, M, Cycling - Track Men's Team Sprint
Hooper,Damien,180,80,Australian Olympic Team, AUS, M, Boxing
Gohdes,Matthew,180,80,Australian Olympic Team, AUS, M, Hockey
Adams, Antoine,180,79,Saint Kitts and Nevis, SKN, M, Athletics
Degenkolb, John,180,79,Germany, GER, M, Cycling - Road
Nalbandian,David,180,79,Argentina, ARG, M, Tennis
Thomas,Kristian,180,79,Team GB, GBR, M, Gymnastics - Artistic
Skvortsov, Nikolay,180,78,Russian Federation,RUS, M, Swimming
Cotton,Amy,180,78,Canada,CAN, W, Judo
Rock,Michael,180,78,Team GB, GBR, M, Swimming
Akrout,Youssef,180,78,Tunisia, TUN, M, Sailing Men's Laser
Szczepanski, Piotr,180,76,Poland,POL, M, Canoe Slalom
Lee, Tae Hoon,180,76,South Korea, KOR, M, Sailing Men's RS:X
Castel,Alexianne,180,76,France,FRA, W, Swimming
Cerkovskis,Deniss,180,76,Latvia,LAT, M, Modern Pentathlon
Pateniotis,Mike,180,76,Greece,GRE, M, Sailing Men's 49er
Brickell,Richard,180,76,Team GB, GBR, M, Shooting
James, Antony,180,75,Team GB, GBR, M, Swimming
Giggs, Ryan,180,75,Team GB, GBR, M, Football
Mackay,Iain,180,75,Team GB, GBR, M, Hockey
Frikeche,Rayan,180,75,Morocco, MAR, M, Football
Henderson, Greg,180,74,New Zealand, NZL, M, Cycling - Road
Paldanius, Sofia,180,74,Sweden,SWE, W, Canoe Sprint
Unger, Tobias,180,74,Germany, GER, M, Athletics
ALLEYNE-FORTE, Ade,180,73,Trinidad and Tobago, TRI, M, Athletics
Cavaleiro, Deonise,180,73,Brazil,BRA, W, Handball
Cleverley, Tom,180,73,Team GB, GBR, M, Football
Wiss,Alain,180,73,Switzerland, SUI, M, Football
Bertrand,Ryan,180,73,Team GB, GBR, M, Football
Mejri, Aymen,180,72,Tunisia, TUN, M, Rowing
Nunes, Miguel,180,72,Portugal,POR, M, Sailing Men's 470
Mandic,Milica,180,72,Serbia,SRB, W, Taekwondo
Banti, Herve,180,71,Monaco,MON, M, Triathlon
Couto, Kurt,180,71,Mozambique,MOZ, M, Athletics
Nofel, Mohamed,180,71,Egypt, EGY, M, Rowing
Baggaley,Andrew,180,71,Team GB, GBR, M, Table Tennis
Yurkovich, Rachel,180,70,Team USA,USA, W, Athletics
Ibarguen,Caterine,180,70,Colombia,COL, W, Athletics
Oblinger,Helmut,180,70,Austria, AUT, M, Canoe Slalom
Evans, Fred,180,69,Team GB, GBR, M, Boxing
Morris,Rosie,180,69,Team GB, GBR, W, Water Polo
Walton,Sally,180,68,Team GB, GBR, W, Hockey
Balmy, Coralie,180,67,France,FRA, W, Swimming
Dmytrenko, Ruslan,180,67,Ukraine, UKR, M, Athletics
Joo, Saehyuk,180,67,South Korea, KOR, M, Table Tennis
Pironkova, Tsvetana,180,66,Bulgaria,BUL, W, Tennis
Rojas Mina,Anderson,180,64,Ecuador, ECU, M, Boxing
Chen,Ding,180,62,China, CHN, M, Athletics
Robson,Laura,180,62,Team GB, GBR, W, Tennis
Fredericks,Lucinda,180,62,Australian Olympic Team, AUS, W, Equestrian
Steryiou,Adonia,180,59,Greece,GRE, W, Athletics
Javier,Mark,180,53,Philippines, PHI, M, Archery Men's Individual
Campazzo,Facundo,179,88,Argentina, ARG, M, Basketball
Wills, Alan,179,84,Team GB, GBR, M, Archery Men's Individual
Ellington, James,179,81,Team GB, GBR, M, Athletics
Pang,Wei,179,80,China, CHN, M, Shooting
Jensen,Anders,179,79,Denmark, DEN, M, Handball
Smith, Louis,179,76,Team GB, GBR, M, Gymnastics - Artistic
Govers,Kieran,179,76,Australian Olympic Team, AUS, M, Hockey
Leung, Chun Shek,179,75,Hong Kong, HKG, M, Rowing
Fogg,Daniel,179,74,Team GB, GBR, M, Swimming
Goudarzi,Sadegh Saeed,179,74,Iran,IRI, M, Wrestling
Leigh, Mike,179,73,Canada,CAN, M, Sailing Men's 470
Zoric, Milenko,179,73,Serbia,SRB, M, Canoe Sprint
Orujov,Rustam,179,73,Azerbaijan,AZE, M, Judo
Hutarovich,Yauheni,179,71,Belarus, BLR, M, Cycling - Road
Adlington, Rebecca,179,70,Team GB, GBR, W, Swimming
Mier,Hiram,179,70,Mexico,MEX, M, Football
Moreau,Fabrice,179,69,France,FRA, M, Rowing
Greves,Katie,179,69,Team GB, GBR, W, Rowing
Rodriguez, Alvaro,179,68,Spain, ESP, M, Athletics
Bailey,Daniel,179,68,Antigua and Barbuda, ANT, M, Athletics
Pennes,Gregoire,179,68,France,FRA, M, Gymnastics - Trampoline Men's Trampoline
Knyazyeva, Hanna,179,67,Ukraine, UKR, W, Athletics
Laybourne, Rachel,179,67,Team GB, GBR, W, Volleyball
WINSTANLEY - SMITH,Angie,179,66,Team GB, GBR, W, Water Polo
Hayakawa,Ren,179,65,Japan, JPN, W, Archery Women's Team
Kovacs,Tamas,179,62,Hungary, HUN, M, Athletics
Amos,Nijel,179,60,Botswana,BOT, M, Athletics
Phillips,Liam,178,83,Team GB, GBR, M, Cycling - BMX
Alberto Francisca, Nely,178,81,Spain, ESP, W, Handball
Lloyd, Jess,178,80,Team GB, GBR, W, Swimming
Drinkhall, Paul,178,80,Team GB, GBR, M, Table Tennis
Gudzineviciute,Daina,178,80,Lithuania, LTU, W, Shooting
Adam,Idrissa,178,79,Cameroon,CMR, M, Athletics
Taouerghi, Anouer,178,77,Tunisia, TUN, M, Volleyball
Lush,Annie,178,77,Team GB, GBR, W, Sailing Women's Elliott 6m
Morrison,Steve,178,77,Team GB, GBR, M, Sailing Men's 49er
Agrafioti, Anna,178,76,Greece,GRE, W, Sailing Women's Laser Radial
Ling,Ed,178,76,Team GB, GBR, M, Shooting
Eddie, Jess,178,75,Team GB, GBR, W, Rowing
Vernon,Annie,178,75,Team GB, GBR, W, Rowing
Miao,Lijie,178,75,China, CHN, W, Basketball
Page,Natasha,178,75,Team GB, GBR, W, Rowing
Mullin,Shauna,178,74,Team GB, GBR, W, Beach Volleyball
Mayr,Camilo,178,74,Germany, GER, M, Archery Men's Individual
Guenot,Christophe,178,74,France,FRA, M, Wrestling
Kim, Bokyung,178,73,South Korea, KOR, M, Football
Onuora,Anyika,178,72,Team GB, GBR, W, Athletics
Sorn,Davin,178,72,Cambodia,CAM, W, Taekwondo
Pedersen,Christinna,178,71,Denmark, DEN, W, Badminton
Taylor,Jennifer,178,71,Team GB, GBR, W, Volleyball
Kovalenko, Nazar,178,70,Ukraine, UKR, M, Athletics
Dai, Xiaoxiang,178,70,China, CHN, M, Archery Men's Individual
Ramsey,Aaron,178,70,Team GB, GBR, M, Football
Da Silva,da SILVA Fabio,178,70,Brazil,BRA, M, Athletics
King,Dominic,178,70,Team GB, GBR, M, Athletics
Glover,Helen,178,70,Team GB, GBR, W, Rowing
Ogar,Jolanta,178,70,Poland,POL, W, Sailing Women's 470
Von Geijer,von GEIJER Jonas,178,70,Sweden,SWE, M, Sailing Men's 49er
Berki, Krisztian,178,69,Hungary, HUN, M, Gymnastics - Artistic
Quioto,Romell,178,69,Honduras,HON, M, Football
Middleton, Barry,178,68,Team GB, GBR, M, Hockey
Vitus, Maksim,178,68,Belarus, BLR, M, Football
Usami, Takashi,178,68,Japan, JPN, M, Football
Shanaeva,Aida,178,68,Russian Federation,RUS, W, Fencing Women's Team Foil
Brownlee,Jonny,178,68,Team GB, GBR, M, Triathlon
Bassingthwaighte,Marc,178,68,Namibia, NAM, M, Cycling - Mountain Bike Men's Mountain Bike
Pautaran,Maryna,178,68,Belarus, BLR, W, Canoe Sprint
Levine,Nigel,178,68,Team GB, GBR, M, Athletics
Melnychenko, Hanna,178,67,Ukraine, UKR, W, Athletics
Odriozola, Mikel,178,67,Spain, ESP, M, Athletics
Stevenson, Sarah,178,67,Team GB, GBR, W, Taekwondo
Thompson,Christopher,178,67,Team GB, GBR, M, Athletics
Yamamoto,Seito,178,66,Japan, JPN, M, Athletics
Alexander, Kineke,178,65,St Vincent and the Grenadines, VIN, W, Athletics
Flognman,Kristina,178,65,Sweden,SWE, W, Handball
Nicholls,Robyn,178,65,Team GB, GBR, W, Water Polo
Sakaev,Viacheslav,178,65,Russian Federation,RUS, M, Athletics
Yang,Zi,178,65,Singapore, SIN, M, Table Tennis
Ruiz,Diego,178,64,Spain, ESP, M, Athletics
Simanovich,Dzianis,178,63,Belarus, BLR, M, Athletics
Parker,Joanna,178,63,Team GB, GBR, W, Table Tennis
Webb,David,178,62,Team GB, GBR, M, Athletics
Liu, Qiang,178,60,China, CHN, M, Boxing
Hall,Lucy,178,60,Team GB, GBR, W, Triathlon
Pritchard, Alexis,178,59,New Zealand, NZL, W, Boxing
Jorgensen, Gwen,178,59,Team USA,USA, W, Triathlon
Kalmer,Rene,178,49,South Africa,RSA, W, Athletics
Zugaj, Nenad,177,84,Croatia, CRO, M, Wrestling
Hindes,Philip,177,83,Team GB, GBR, M, Cycling - Track Men's Team Sprint
Tomas Gonzalez,Victor,177,83,Spain, ESP, M, Handball
Kenny, Jason,177,80,Team GB, GBR, M, Cycling - Track Men's Sprint
Kashirina, Tatiana,177,80,Russian Federation,RUS, W, Weightlifting
Matoshka,Alena,177,80,Belarus, BLR, W, Athletics
Abian, Pablo,177,78,Spain, ESP, M, Badminton
Flood, Deborah,177,75,Team GB, GBR, W, Rowing
Leung, Ho Tsun Andy,177,75,Hong Kong, HKG, M, Sailing Men's RS:X
Shu, Junrong,177,75,China, CHN, M, Canoe Slalom
Gibson,Lisa,177,75,Team GB, GBR, W, Water Polo
Daley, Tom,177,74,Team GB, GBR, M, Diving
Williams,Daniel,177,73,Team GB, GBR, M, Judo
Pina,Joao,177,73,Portugal,POR, M, Judo
Sikora,Rafal,177,73,Poland,POL, M, Athletics
Potent,Warren,177,73,Australian Olympic Team, AUS, M, Shooting
Ouedraogo, Adama,177,72,Burkina Faso,BUR, M, Swimming
Hsu, Chi-Chieh,177,72,Chinese Taipei,TPE, M, Swimming
Walker,Jessica,177,72,Team GB, GBR, W, Canoe Sprint
Hradecka,Lucie,177,72,Czech Republic,CZE, W, Tennis
Kim, Changsoo,177,70,South Korea, KOR, M, Football
Collazo Tourn, Rodolfo,177,70,Uruguay, URU, M, Rowing
Bole,Grega,177,70,Slovenia,SLO, M, Cycling - Road
Jensen,Peter,177,70,Denmark, DEN, M, Gymnastics - Trampoline Men's Trampoline
Gavnholt,Kristina,177,69,Czech Republic,CZE, W, Badminton
Sinclair,Scott,177,69,Team GB, GBR, M, Football
Tchorz,Alicja,177,67,Poland,POL, W, Swimming
Svarc, Premysl,177,66,Czech Republic,CZE, M, Triathlon
Daille,Etienne,177,65,France,FRA, M, Canoe Slalom
Mcconnell, McCONNELL Lee,177,64,Team GB, GBR, W, Athletics
Van Houts, van HOUTS Rudi,177,64,Netherlands, NED, M, Cycling - Mountain Bike Men's Mountain Bike
Wilson,Nicola,177,64,Team GB, GBR, W, Equestrian
Giglmayr,Andreas,177,62,Austria, AUT, M, Triathlon
Aidietyte, Neringa,177,61,Lithuania, LTU, W, Athletics
Iskandari, Rustam,176,96,Tajikistan,TJK, M, Wrestling
Hawes, Ben,176,76,Team GB, GBR, M, Hockey
Mutekanga, Julius,176,76,Uganda,UGA, M, Athletics
Kazakevics,Igors,176,76,Latvia,LAT, M, Athletics
Silva, Erlon,176,75,Brazil,BRA, M, Canoe Sprint
Fuzaro,Filipe,176,75,Brazil,BRA, M, Shooting
Lukashyk,Kanstantsin,176,75,Belarus, BLR, M, Shooting
Leuthold,Yvonne,176,74,Team GB, GBR, W, Handball
Pavoni,Roberto,176,71,Team GB, GBR, M, Swimming
Saladino,Irving,176,70,Panama,PAN, M, Athletics
Cawthorn,Rachel,176,70,Team GB, GBR, W, Canoe Sprint
Binobagira,Beni,176,69,Burundi, BDI, M, Swimming
Sawers,Louisa,176,69,Team GB, GBR, W, Canoe Sprint
Steyaert,Sarah,176,69,France,FRA, W, Sailing Women's Laser Radial
Guyot, Sarah,176,68,France,FRA, W, Canoe Sprint
Clark, Saskia,176,68,Team GB, GBR, W, Sailing Women's 470
Spisak,Pawel,176,68,Poland,POL, M, Equestrian
Stafford,Natalie,176,66,Team GB, GBR, W, Basketball
Jim, Asenathi,176,65,South Africa,RSA, M, Sailing Men's 470
Yu,Peng Kean,176,65,Malaysia,MAS, M, Fencing Men's Individual Sabre
Pusterla,Irene,176,64,Switzerland, SUI, W, Athletics
Houvenaghel, Wendy,176,60,Team GB, GBR, W, Cycling - Track Women's Team Pursuit
Taylor,Josh,176,60,Team GB, GBR, M, Boxing
Xu,Lijia,176,60,China, CHN, W, Sailing Women's Laser Radial
Yaroshchuk,Hanna,176,57,Ukraine, UKR, W, Athletics
Achour,Dallal Merwa,176,45,Algeria, ALG, W, Volleyball
Gong,Lijiao,175,108, China, CHN, W, Athletics
Nasirshelal, Navab,175,105, Iran,IRI, M, Weightlifting
Gallardo,Karen,175,95,Chile, CHI, W, Athletics
Khachatryan, Ara,175,85,Armenia, ARM, M, Weightlifting
Fontes,Bruno,175,83,Brazil,BRA, M, Sailing Men's Laser
Oquendo Zabala,Carlos Mario,175,81,Colombia,COL, M, Cycling - BMX
Elmont,Guillaume,175,81,Netherlands, NED, M, Judo
Parker,Jason,175,77,Team USA,USA, M, Shooting
Migitinov, Soltan,175,75,Azerbaijan,AZE, M, Boxing
Williamson,Alison,175,75,Team GB, GBR, W, Archery Women's Team
Warlow,Rory,175,75,Team GB, GBR, M, Shooting
Urantungalag,Bishindee,175,74,Mongolia,MGL, W, Archery Women's Individual
Catlin,Nicholas,175,74,Team GB, GBR, M, Hockey
Fang,Chieh Min,175,72,Chinese Taipei,TPE, M, Badminton
Poewe, Sarah,175,71,Germany, GER, W, Swimming
Mcintosh,Jennifer,175,71,Team GB, GBR, W, Shooting
Cook,Kristina,175,71,Team GB, GBR, W, Equestrian
Olaru, Dan,175,70,Moldova, MDA, M, Archery Men's Individual
Bleasdale, Holly,175,70,Team GB, GBR, W, Athletics
Madaj, Natalia,175,70,Poland,POL, W, Rowing
Baltacha,Elena,175,70,Team GB, GBR, W, Tennis
Anderson,Rose,175,70,Team GB, GBR, W, Basketball
Cavendish, Mark,175,69,Team GB, GBR, M, Cycling - Road
Tyminska,Karolina,175,69,Poland,POL, W, Athletics
Kim, Yeji,175,68,South Korea, KOR, W, Rowing
Rosolova,Denisa,175,68,Czech Republic,CZE, W, Athletics
Mansilla,Luis,175,68,Chile, CHI, M, Cycling - Track Men's Omnium
Porter,Tiffany,175,68,Team GB, GBR, W, Athletics
Smith, Maurice,175,67,Jamaica, JAM, M, Athletics
Sinclair,Christine,175,67,Canada,CAN, W, Football
Johansson, Elin,175,66,Sweden,SWE, W, Taekwondo
Payne, Keri-Anne,175,66,Team GB, GBR, W, Swimming
Vanderwal, Rachael,175,66,Team GB, GBR, W, Basketball
Ovinou,Raymond,175,66,Papua New Guinea,PNG, M, Judo
Bulatovic, Andela,175,65,Montenegro,MNE, W, Handball
Evans, Blair,175,65,Australian Olympic Team, AUS, W, Swimming
WADE-FRAY, Jenaya,175,65,Team GB, GBR, W, Basketball
Booth, Melanie,175,65,Canada,CAN, W, Football
Taylor,Neil,175,65,Team GB, GBR, M, Football
Snell, Francesca,175,63,Team GB, GBR, W, Water Polo
King,Dani,175,62,Team GB, GBR, W, Cycling - Track Women's Team Pursuit
Holtwick,Katrin,175,62,Germany, GER, W, Beach Volleyball
Lu,Ying,175,62,China, CHN, W, Swimming
Owens, Ger,175,61,Ireland, IRL, M, Sailing Men's 470
Lobacevske,Diana,175,61,Lithuania, LTU, W, Athletics
Zabelinskaya,Olga,175,61,Russian Federation,RUS, W, Cycling - Road
Sharp, Lynsey,175,60,Team GB, GBR, W, Athletics
Diarra,Elea Mariama,175,60,France,FRA, W, Athletics
Davies,Georgia,175,60,Team GB, GBR, W, Swimming
Centrowitz,Matthew,175,60,Team USA,USA, M, Athletics
Soumah,Ndeye Fatou,175,60,Senegal, SEN, W, Athletics
Gourouza,Zakari,175,60,Niger, NIG, M, Judo
Byun,Youngjun,175,58,South Korea, KOR, M, Athletics
Sung,Ji Hyun,175,56,South Korea, KOR, W, Badminton
Campbell,Luke,175,56,Team GB, GBR, M, Boxing
Macek, Bostjan,174,118, Slovenia,SLO, M, Shooting
Tsirekidze,Rauli,174,85,Georgia, GEO, M, Weightlifting
Mata Perez,Andres Eduardo,174,77,Spain, ESP, M, Weightlifting
Fathi, Ahmed,174,76,Egypt, EGY, M, Football
Fernandez, Juan,174,73,Spain, ESP, M, Hockey
Miranda Dorado,Lorena,174,73,Spain, ESP, W, Water Polo
Dowabobo,Sled,174,73,Nauru, NRU, M, Judo
Echegoyen Dominguez, Tamara,174,72,Spain, ESP, W, Sailing Women's Elliott 6m
Beresnyeva,Olga,174,72,Ukraine, UKR, W, Swimming
Najah, Imad,174,70,Morocco, MAR, M, Football
Hannah,Angela,174,70,Team GB, GBR, W, Canoe Sprint
Zhao,Yudiao,174,70,China, CHN, W, Hockey
Alvear,Yuri,174,70,Colombia,COL, W, Judo
Bale,Rob,174,69,Team GB, GBR, M, Swimming
Gyurta,Gergely,174,68,Hungary, HUN, M, Swimming
JANICS-DOUCHEV,Natasa,174,67,Hungary, HUN, W, Canoe Sprint
Gueye, Idrissa,174,66,Senegal, SEN, M, Football
Fujimura,Tsutomu,174,66,Japan, JPN, M, Wrestling
Helleberg, Jessica,174,65,Sweden,SWE, W, Handball
Gafurzianova,Kamilla,174,64,Russian Federation,RUS, W, Fencing Women's Team Foil
Castro,Katerin,174,64,Colombia,COL, W, Football
Kennaugh,Peter,174,64,Team GB, GBR, M, Cycling - Track Men's Team Pursuit
Keothavong,Anne,174,63,Team GB, GBR, W, Tennis
Pareja Lisalde,Jennifer,174,63,Spain, ESP, W, Water Polo
Zaiser,Lisa,174,63,Austria, AUT, W, Swimming
Yushchanka,Yulyana,174,63,Belarus, BLR, W, Athletics
Tansai,Napalai,174,61,Thailand,THA, W, Sailing Women's RS:X
Li,Jianbo,174,60,China, CHN, M, Athletics
Murray,Samantha,174,59,Team GB, GBR, W, Modern Pentathlon
Rahautsou, Stsiapan,174,58,Belarus, BLR, M, Athletics
Thibus,Ysaora,174,56,France,FRA, W, Fencing Women's Team Foil
Jevtic,Olivera,174,51,Serbia,SRB, W, Athletics
Mayes, Jane,173,88,Team GB, GBR, W, Handball
Schurr Voight, Christian,173,80,Mexico,MEX, M, Swimming
Cosby, Jessica,173,79,Team USA,USA, W, Athletics
Mckeever,Ed,173,79,Team GB, GBR, M, Canoe Sprint
Soeroredjo,Virgil,173,78,Suriname,SUR, M, Badminton
Nitta, Yudai,173,77,Japan, JPN, M, Cycling - Track Men's Team Sprint
Espinoza Mena, Jose,173,75,Venezuela, VEN, M, Boxing
Aung,Aye Aye,173,75,Myanmar, MYA, W, Judo
Li Yuk Lo, Nioun Chin Elodie,173,74,Mauritius, MRI, W, Beach Volleyball
Storry,Beth,173,74,Team GB, GBR, W, Hockey
Palies,Ewa,173,73,Team GB, GBR, W, Handball
Fularczyk, Magdalena,173,72,Poland,POL, W, Rowing
He,Zhiwen,173,72,Spain, ESP, M, Table Tennis
Kvyatkovskyy,Andriy,173,71,Ukraine, UKR, M, Wrestling
Harper,Marvin,173,71,South Africa,RSA, M, Hockey
Khanafeyeva, Gulfiya,173,70,Russian Federation,RUS, W, Athletics
Espinoza,Maria del Rosario,173,70,Mexico,MEX, W, Taekwondo
Fang,Yanqiao,173,69,China, CHN, W, Swimming
Thiele,Annekatrin,173,68,Germany, GER, W, Rowing
Parisi,Hugo,173,68,Brazil,BRA, M, Diving
JONES-FERRETTE,Laverne,173,68,American Virgin Islands, ISV, W, Athletics
Doby,Mathieu,173,68,Belgium, BEL, M, Canoe Slalom
Khmyrova,Tatiana,173,68,Russian Federation,RUS, W, Handball
Mareghni,Hana,173,67,Tunisia, TUN, W, Judo
Higl,Nada,173,67,Serbia,SRB, W, Swimming
Cesan, Michelle,173,66,Team USA,USA, W, Hockey
Park,Keon Woo,173,65,South Korea, KOR, M, Cycling - Track Men's Team Pursuit
Jeong, Darae,173,64,South Korea, KOR, W, Swimming
Anderson,Alyssa,173,64,Team USA,USA, W, Swimming
Stoney,Casey,173,64,Team GB, GBR, W, Football
Zolnir,Urska,173,63,Slovenia,SLO, W, Judo
Van Regemortel,van REGEMORTEL Anne-Sophie,173,63,Belgium, BEL, W, Hockey
Eskilsson, Christofer,173,62,Sweden,SWE, M, Diving
Wicks, Lucy,173,62,Team GB, GBR, W, Volleyball
Oliver,Amy,173,62,Team GB, GBR, W, Archery Women's Team
Drexel,Ingrid,173,62,Mexico,MEX, W, Cycling - Road
Konukh,Sofya,173,61,Russian Federation,RUS, W, Water Polo
Back,Suyeon,173,61,South Korea, KOR, W, Swimming
Hutchison, Lynne,173,60,Team GB, GBR, W, Gymnastics - Rhythmic
Rutter,Adam,173,60,Australian Olympic Team, AUS, M, Athletics
Reid,Elizabeth,173,60,Team GB, GBR, W, Volleyball
Rouba, Amina,173,59,Algeria, ALG, W, Rowing
Choi,Ki Ho,173,59,Hong Kong, HKG, M, Cycling - Track Men's Omnium
Muller,Lena,173,59,Germany, GER, W, Rowing
Armstrong, Kristin,173,58,Team USA,USA, W, Cycling - Road
Clark, Sarah,173,57,Team GB, GBR, W, Judo
Radcliffe, Paula,173,54,Team GB, GBR, W, Athletics
Bliznyuk,Anastasia,173,50,Russian Federation,RUS, W, Gymnastics - Rhythmic
Marton,Anita,172,90,Hungary, HUN, W, Athletics
Hennequin, Benjamin Didier,172,85,France,FRA, M, Weightlifting
Csoknyai,Laszlo,172,81,Hungary, HUN, M, Judo
Jezierski, Andrezey,172,78,Ireland, IRL, M, Canoe Sprint
Twomey,Billy,172,75,Ireland, IRL, M, Equestrian
Ouechtati, Bilel,172,74,Tunisia, TUN, M, Wrestling
ROBINSON-BAKER,Nick,172,74,Team GB, GBR, M, Diving
Md Mahfizur, Rahman,172,71,Bangladesh,BAN, M, Swimming
Mears, Chris,172,70,Team GB, GBR, M, Diving
Engels,Floortje,172,70,Netherlands, NED, W, Hockey
Mccann,McCANN Fiona,172,70,Team GB, GBR, W, Water Polo
Rodas Ochoa, Manuel,172,68,Guatemala, GUA, M, Cycling - Road
Sibley,Kelly,172,68,Team GB, GBR, W, Table Tennis
Byl, Lyn,172,67,Team GB, GBR, W, Handball
Marton,Carmen,172,67,Australian Olympic Team, AUS, W, Taekwondo
Quaresma,Lecabela,172,67,São Tomé and Príncipe,STP, W, Athletics
Ahmed, Abdou Omar Abdou,172,66,Egypt, EGY, M, Wrestling
O, Chang Ran,172,66,North Korea, PRK, W, Football
Ivanov,Martin,172,66,Bulgaria,BUL, M, Judo
SHAKES-DRAYTON,Perri,172,66,Team GB, GBR, W, Athletics
Guenot,Steeve,172,66,France,FRA, M, Wrestling
Boy, Philipp,172,65,Germany, GER, M, Gymnastics - Artistic
Cox, Shana,172,65,Team GB, GBR, W, Athletics
Rodrigues, Ana Paula,172,64,Brazil,BRA, W, Handball
Castroviejo Nicolas, Jonathan,172,64,Spain, ESP, M, Cycling - Road
Smith, Rachel,172,64,Team GB, GBR, W, Gymnastics - Rhythmic
Conti, Giulia,172,62,Italy, ITA, W, Sailing Women's 470
Wilcox,Chloe,172,62,Team GB, GBR, W, Water Polo
Glavan,Igor,172,62,Ukraine, UKR, M, Athletics
Houghton,Stephanie,172,62,Team GB, GBR, W, Football
Aldama,Yamile,172,62,Team GB, GBR, W, Athletics
Falla Buchely, Emilio Andres,172,60,Ecuador, ECU, M, Cycling - BMX
Jonas, Natasha,172,60,Team GB, GBR, W, Boxing
Azuma, Yoshihiro,172,60,Japan, JPN, M, Athletics
Head,Maaike,172,60,Netherlands, NED, W, Rowing
Smith, Amy,172,59,Team GB, GBR, W, Swimming
Seok,Hajung,172,59,South Korea, KOR, W, Table Tennis
Klimke,Ingrid,172,59,Germany, GER, W, Equestrian
Tamosaityte, Sonata,172,58,Lithuania, LTU, W, Athletics
Mosina,Veronika,172,57,Russian Federation,RUS, W, Athletics
Jones, Francesca,172,56,Team GB, GBR, W, Gymnastics - Rhythmic
Weightman, Laura,172,56,Team GB, GBR, W, Athletics
Willmott,Aimee,172,56,Team GB, GBR, W, Swimming
Kartaltepe,Nilay,172,52,Turkey,TUR, W, Basketball
Makarenko, Alina,172,48,Russian Federation,RUS, W, Gymnastics - Rhythmic
Gomon, Yevgeniya,172,48,Ukraine, UKR, W, Gymnastics - Rhythmic
Alozie,Anthony,171,79,Australian Olympic Team, AUS, M, Athletics
Reau,Delphine,171,72,France,FRA, W, Shooting
Murphy,Grainne,171,71,Ireland, IRL, W, Swimming
Spence,Mhairi,171,71,Team GB, GBR, W, Modern Pentathlon
Alegre,Ramon,171,71,Spain, ESP, M, Hockey
Sayers,Goldie,171,70,Team GB, GBR, W, Athletics
AL-HARTHI, Barakat Mubarak,171,67,Oman,OMA, M, Athletics
Emmolo,Giulia Enrica,171,66,Italy, ITA, W, Water Polo
Walsh, Kate,171,65,Team GB, GBR, W, Hockey
Hajeckova, Lenka,171,65,Czech Republic,CZE, W, Beach Volleyball
Klauss,Gauthier,171,65,France,FRA, M, Canoe Slalom
Brash, Scott,171,64,Team GB, GBR, M, Equestrian
Abbate,Simona,171,64,Italy, ITA, W, Water Polo
Neave, Lizzie,171,63,Team GB, GBR, W, Canoe Slalom
Bertelli,Maria,171,63,Team GB, GBR, W, Volleyball
Broersen,Nadine,171,63,Netherlands, NED, W, Athletics
Hladikova, Aneta,171,62,Czech Republic,CZE, W, Cycling - BMX
Bekhit,Ahmed,171,62,Egypt, EGY, M, Football
Badillo Diaz,Concepcion,171,62,Spain, ESP, W, Swimming
Au,Hoi Shun Stephanie,171,60,Hong Kong, HKG, W, Swimming
Dennison,Kate,171,60,Team GB, GBR, W, Athletics
Simmonds,Lizzie,171,60,Team GB, GBR, W, Swimming
Child, Eilidh,171,59,Team GB, GBR, W, Athletics
Dahlstrom, Malin,171,58,Sweden,SWE, W, Athletics
Ivankova,Anastasiya,171,58,Belarus, BLR, W, Gymnastics - Rhythmic
Lowe,Jemma,171,58,Team GB, GBR, W, Swimming
Copeland,Katherine,171,57,Team GB, GBR, W, Rowing
Dobriskey, Lisa,171,56,Team GB, GBR, W, Athletics
Danson,Alex,171,56,Team GB, GBR, W, Hockey
Geikie,Georgina,171,56,Team GB, GBR, W, Shooting
Vodickova, Radka,171,55,Czech Republic,CZE, W, Triathlon
Hill,Phelan,171,55,Team GB, GBR, M, Rowing
St Louis,Fabienne,171,54,Mauritius, MRI, W, Triathlon
Parker,Barbara,171,52,Team GB, GBR, W, Athletics
D Aniello, Francesco,170,82,Italy, ITA, M, Shooting
Duenas,Crispin,170,81,Canada,CAN, M, Archery Men's Individual
Reade, Shanaze,170,76,Team GB, GBR, W, Cycling - BMX
Omelchuk,Oleh,170,75,Ukraine, UKR, M, Shooting
Rose,Danny,170,73,Team GB, GBR, M, Football
Lester,Justin Dashaun,170,73,Team USA,USA, M, Wrestling
Voronova,Anzela,170,72,Estonia, EST, W, Shooting
Mathewson, Courtney,170,71,Team USA,USA, W, Water Polo
Martikan,Michal,170,71,Slovakia,SVK, M, Canoe Slalom
Krupeckaite, Simona,170,70,Lithuania, LTU, W, Cycling - Track Women's Sprint
Blanco,Cecilia,170,70,Spain, ESP, W, Judo
Wang,Mengyu,170,70,China, CHN, W, Hockey
Conway,Sally,170,70,Team GB, GBR, W, Judo
Abbadi,Ilyas,170,69,Algeria, ALG, M, Boxing
Lucas, Dakota,170,68,New Zealand, NZL, M, Football
Rindom,Anne-Marie,170,68,Denmark, DEN, W, Sailing Women's Laser Radial
Moura, Mayara,170,66,Brazil,BRA, W, Handball
Mogushkov, Musa,170,66,Russian Federation,RUS, M, Judo
Baek,Il Joo,170,66,South Korea, KOR, W, Swimming
Mata,Jayme,170,66,Aruba, ARU, M, Judo
Sommer,Lene,170,66,Denmark, DEN, W, Sailing Women's 470
Ishizu,Yu,170,66,Japan, JPN, M, Archery Men's Individual
Twigg, Georgie,170,65,Team GB, GBR, W, Hockey
PATERSON-ROBINSON, James,170,65,Australian Olympic Team, AUS, M, Equestrian
El Moctar, Jidou,170,65,Mauritania,MTN, M, Athletics
Allen, Joe,170,65,Team GB, GBR, M, Football
Radicevic, Jovanka,170,65,Montenegro,MNE, W, Handball
Allen, Sophie,170,65,Team GB, GBR, W, Swimming
Parra, Yusbelys,170,65,Venezuela, VEN, W, Athletics
Musgrove,Hazel,170,65,Team GB, GBR, W, Water Polo
King,Mary,170,65,Team GB, GBR, W, Equestrian
Panichpatikum, Jakkrit,170,64,Thailand,THA, M, Shooting
Sener, Yakup,170,64,Turkey,TUR, M, Boxing
Vecchi,Irene,170,64,Italy, ITA, W, Fencing Women's Individual Sabre
Torrez Zamora, Dalia,170,63,Nicaragua, NCA, W, Swimming
Dunn,Debbie,170,63,Team USA,USA, W, Athletics
Buchanan,Rushlee,170,63,New Zealand, NZL, W, Cycling - Track Women's Sprint
Lucass,Vicki,170,63,Team GB, GBR, W, Synchronised Swimming
White, Nicola,170,62,Team GB, GBR, W, Hockey
Rutlidge,Alex,170,62,Team GB, GBR, W, Water Polo
Panter,Anne,170,62,Team GB, GBR, W, Hockey
Kolocova,Kristyna,170,62,Czech Republic,CZE, W, Beach Volleyball
Xian,Yifang,170,62,France,FRA, W, Table Tennis
Dujardin,Charlotte,170,61,Team GB, GBR, W, Equestrian
Cassar,Georgina,170,61,Team GB, GBR, W, Gymnastics - Rhythmic
Neethling, Candice,170,60,South Africa,RSA, W, Cycling - Mountain Bike Women's Mountain Bike
Demus, Lashinda,170,60,Team USA,USA, W, Athletics
Fagundez,Gabriella,170,60,Sweden,SWE, W, Swimming
Morgan,Joanne,170,60,Team GB, GBR, W, Volleyball
Tvrdy, Maja,170,59,Slovenia,SLO, W, Badminton
White, Ellen,170,58,Team GB, GBR, W, Football
Jerzyk,Agnieszka,170,58,Poland,POL, W, Triathlon
Kohlmann,Fabienne,170,58,Germany, GER, W, Athletics
Cojuhari,Olesea,170,58,Moldova, MDA, W, Athletics
Crognale,Sabrina,170,58,Italy, ITA, W, Modern Pentathlon
Melancon,Joliane,170,57,Canada,CAN, W, Judo
Mcclatchey,McCLATCHEY Caitlin,170,57,Team GB, GBR, W, Swimming
Dalakliev, Detelin,170,56,Bulgaria,BUL, M, Boxing
Melian,Alberto Ezequiel,170,56,Argentina, ARG, M, Boxing
Van Grunsven,Anky,170,56,Netherlands, NED, W, Equestrian
Hosszu,Katinka,170,56,Hungary, HUN, W, Swimming
Pinto, Tatjana,170,55,Germany, GER, W, Athletics
Baker, Yvette,170,55,Team GB, GBR, W, Synchronised Swimming
Cremer,Esther,170,55,Germany, GER, W, Athletics
Cruz,Clarisse,170,53,Portugal,POR, W, Athletics
Kudzelich, Sviatlana,170,52,Belarus, BLR, W, Athletics
Hatakeyama,Airi,170,49,Japan, JPN, W, Gymnastics - Rhythmic
Kang,Seulki,170,48,Central African Republic,CAF, W, Taekwondo
Utriainen, Sanni,169,76,Finland, FIN, W, Athletics
Jukes, Louise,169,75,Team GB, GBR, W, Handball
He,Chong,169,69,China, CHN, M, Diving
Evans, Gareth,169,68,Team GB, GBR, M, Weightlifting
Williams,Rachel,169,68,Team GB, GBR, W, Football
Allen, Elena,169,67,Team GB, GBR, W, Shooting
Drakou,Theodora,169,67,Greece,GRE, W, Swimming
Tu,Kai-Wen,169,66,Chinese Taipei,TPE, M, Judo
Ponomarenko Janic, Spela,169,65,Slovenia,SLO, W, Canoe Sprint
Proud, Stephanie,169,65,Team GB, GBR, W, Swimming
Wojtkowiak,Malgorzata,169,65,Poland,POL, W, Fencing Women's Team Foil
Lan, Xing,169,63,China, CHN, M, Shooting
Bartlett,Laura,169,63,Team GB, GBR, W, Hockey
Gandy, Ellen,169,62,Team GB, GBR, W, Swimming
Grigorjeva,Anastasija,169,62,Latvia,LAT, W, Wrestling
Susi,Dunia,169,61,Team GB, GBR, W, Football
Araujo,Adriana,169,60,Brazil,BRA, W, Boxing
BOND-WILLIAMS, Louise,169,59,Team GB, GBR, W, Fencing Women's Individual Sabre
LAM-MOORES,Holly,169,59,Team GB, GBR, W, Handball
Simic, Mateja,169,58,Slovenia,SLO, W, Triathlon
Pacierpnik,Natalia,169,58,Poland,POL, W, Canoe Slalom
Isaac, Chloe,169,57,Canada,CAN, W, Synchronised Swimming
Carey, Michelle,169,57,Ireland, IRL, W, Athletics
Fukumoto,Atsumi,169,57,Japan, JPN, W, Rowing
Martin,Lucy,169,57,Team GB, GBR, W, Cycling - Road
Napo,Bamab,169,56,Togo,TOG, W, Athletics
Bechtolsheimer,Laura,169,56,Team GB, GBR, W, Equestrian
Ong, Mylene,169,55,Singapore, SIN, W, Swimming
Murray,Janine,169,54,Australian Olympic Team, AUS, W, Gymnastics - Rhythmic
Selby, Andrew,169,52,Team GB, GBR, M, Boxing
Vos, Marianne,169,52,Netherlands, NED, W, Cycling - Road
Saad,eldin,168,82,Egypt, EGY, M, Football
Oliver,Jack,168,77,Team GB, GBR, M, Weightlifting
Hurtault,Erison,168,73,Dominica,DMA, M, Athletics
Lika,Savva,168,73,Greece,GRE, W, Athletics
Abdulrahman, Amer,168,68,United Arab Emirates,UAE, M, Football
Tafatatha, Joyce,168,68,Malawi,MAW, W, Swimming
Henriques, Nelson,168,67,Angola,ANG, M, Canoe Sprint
Brown, Rachel,168,66,Team GB, GBR, W, Football
Gayle, Robyn,168,65,Canada,CAN, W, Football
Sun, Yujun,168,65,China, CHN, W, Water Polo
Guialo,Isabel,168,65,Angola,ANG, W, Handball
Mohd Taibi,Nur Suryani,168,65,Malaysia,MAS, W, Shooting
Watson,Heather,168,64,Team GB, GBR, W, Tennis
Phillips,Zara,168,64,Team GB, GBR, W, Equestrian
Cebrian Martinez De Lagos, CEBRIAN MARTINEZ de LAGOS Alicia,168,63,Spain, ESP, W, Sailing Women's Laser Radial
Lawrence,Corinna,168,63,Team GB, GBR, W, Fencing Women's Individual Epee
Pinto, Adriana,168,62,Brazil,BRA, W, Basketball
Abu Drais, Methkal,168,62,Jordan,JOR, M, Athletics
Egelstaff, Susan,168,62,Team GB, GBR, W, Badminton
Purvis,Daniel,168,62,Team GB, GBR, M, Gymnastics - Artistic
Salbookh,Haboosh,168,62,United Arab Emirates,UAE, M, Football
Roux,Jessica,168,62,South Africa,RSA, W, Swimming
Oldham,Sam,168,62,Team GB, GBR, M, Gymnastics - Artistic
Flynn, Gemma,168,60,New Zealand, NZL, W, Hockey
Rodriguez, Jackson,168,60,Venezuela, VEN, M, Cycling - Road
Li,Hongxia,168,60,China, CHN, W, Hockey
Huckle,James,168,60,Team GB, GBR, M, Shooting
Chammartin,Ludovic,168,60,Switzerland, SUI, M, Judo
Chitou,Shafiq,168,60,Benin, BEN, M, Boxing
Kim, Sol Ji,168,57,South Korea, KOR, W, Rowing
Donckers,Karin,168,57,Belgium, BEL, W, Equestrian
Armitstead,Lizzie,168,57,Team GB, GBR, W, Cycling - Road
Driscoll,Kat,168,56,Team GB, GBR, W, Gymnastics - Trampoline Women's Trampoline
Phoutthavong,Laenly,168,56,Lao People's Dem Republic, LAO, W, Athletics
Bernardova,Sona,168,55,Czech Republic,CZE, W, Synchronised Swimming
Tschomakova, Margarita,168,55,Bulgaria,BUL, W, Fencing Women's Individual Sabre
Zetlin,Julie,168,54,Team USA,USA, W, Gymnastics - Rhythmic
Federici,Olivia,168,54,Team GB, GBR, W, Synchronised Swimming
Willhelm,Chloe,168,53,France,FRA, W, Synchronised Swimming
Assefa,Sofia,168,53,Ethiopia,ETH, W, Athletics
Clark, Katie,168,52,Team GB, GBR, W, Synchronised Swimming
Sundstedt, Pia,168,52,Finland, FIN, W, Cycling - Road
Calle Williams,Maria Luisa,168,52,Colombia,COL, W, Cycling - Track Women's Omnium
Rahali,Maroua,168,51,Tunisia, TUN, W, Boxing
Dahman,Fatima Sulaiman,168,49,Yemen, YEM, W, Athletics
Shin,Jonghun,168,49,South Korea, KOR, M, Boxing
Midana,Augusto,167,74,Guinea-Bissau, GBS, M, Wrestling
Hepler,Ann-Marie,167,68,Marshall Islands,MHL, W, Swimming
Yazawa,Kazuki,167,65,Japan, JPN, M, Canoe Slalom
Green, Anna,167,62,New Zealand, NZL, W, Football
Hernandez, Emerson,167,61,El Salvador, ESA, M, Athletics
Powell,Stacie,167,61,Team GB, GBR, W, Diving
Blagg, Alicia,167,60,Team GB, GBR, W, Diving
Okoro, Marilyn,167,60,Team GB, GBR, W, Athletics
Last,Annie,167,60,Team GB, GBR, W, Cycling - Mountain Bike Women's Mountain Bike
Shaw,Bryony,167,60,Team GB, GBR, W, Sailing Women's RS:X
Marachkouskaya,Nastassia,167,60,Belarus, BLR, W, Gymnastics - Artistic
Gibson Byrne,Ciara,167,59,Team GB, GBR, W, Water Polo
Patience,Luke,167,59,Team GB, GBR, M, Sailing Men's 470
Johansson, Emma,167,58,Sweden,SWE, W, Cycling - Road
Fox, Francesca,167,58,Team GB, GBR, W, Gymnastics - Rhythmic
Hazel, Louise,167,58,Team GB, GBR, W, Athletics
Cooke, Nicole,167,58,Team GB, GBR, W, Cycling - Road
Ayling,Louise,167,58,New Zealand, NZL, W, Rowing
Shemyakina,Yana,167,58,Ukraine, UKR, W, Fencing Women's Individual Epee Women's Team Epee
Dawidowicz,Aleksandra,167,57,Poland,POL, W, Cycling - Mountain Bike Women's Mountain Bike
Ross,Jane,167,57,Team GB, GBR, W, Football
Whitlock,Max,167,57,Team GB, GBR, M, Gymnastics - Artistic
Naylor,Emily,167,55,New Zealand, NZL, W, Hockey
Williams,Shericka,167,54,Jamaica, JAM, W, Athletics
Abdelaal,Hesham,167,52,Egypt, EGY, M, Boxing
Zhakypov,Birzhan,167,49,Kazakhstan,KAZ, M, Boxing
Bleasdale, Julia,167,46,Team GB, GBR, W, Athletics
Moniz, Adysangela,166,105, Cape Verde,CPV, W, Judo
Asante,Anita,166,64,Team GB, GBR, W, Football
Miskovic,Marijana,166,63,Croatia, CRO, W, Judo
Rochus,Olivier,166,63,Belgium, BEL, M, Tennis
Lim, Anderson Chee Wei,166,62,Brunei Darussalam, BRU, M, Swimming
Romanyuta, Evgeniya,166,60,Russian Federation,RUS, W, Cycling - Track Women's Omnium
Gallantree,Rebecca,166,60,Team GB, GBR, W, Diving
De Vos,de VOS Charlotte,166,59,Belgium, BEL, W, Hockey
Pong,Son Hwa,166,57,North Korea, PRK, W, Football
Doi, Manami,166,56,Japan, JPN, W, Sailing Women's Laser Radial
Skrzypulec,Agnieszka,166,56,Poland,POL, W, Sailing Women's 470
Alatoa,Janice,166,55,Vanuatu, VAN, W, Athletics
Miley, Hannah,166,53,Team GB, GBR, W, Swimming
Rosolska,Alicja,166,53,Poland,POL, W, Tennis
Kimani,Lucia,166,45,Bosnia and Herzegovina,BIH, W, Athletics
Shimamoto, Mami,165,103, Japan, JPN, W, Weightlifting
Utanga,Joshua,165,89,Cook Islands,COK, M, Canoe Sprint
Tirode,Stephanie,165,80,France,FRA, W, Shooting
Najar, Andy,165,70,Honduras,HON, M, Football
Nasri, Noura,165,68,Tunisia, TUN, W, Shooting
Velasquez, Jose,165,65,Honduras,HON, M, Football
Le,Chien-Ying,165,65,Chinese Taipei,TPE, W, Archery Women's Team
Waterfield,Pete,165,64,Team GB, GBR, M, Diving
Dieke, Ifeoma,165,63,Team GB, GBR, W, Football
Hurd,Eric,165,63,Team USA,USA, M, Canoe Slalom
Luo, Yutong,165,62,China, CHN, M, Diving
Paszek,Tamira,165,62,Austria, AUT, W, Tennis
Ma,Jin,165,61,China, CHN, W, Badminton
Pendleton, Victoria,165,60,Team GB, GBR, W, Cycling - Track Women's Team Sprint
Yano,Kyoko,165,60,Japan, JPN, W, Football
Rivas Espinoza,Wuileixis de Jesus,165,60,Venezuela, VEN, M, Wrestling
Kossayev,Yerkebulan,165,60,Kazakhstan,KAZ, M, Judo
Jennerich, Lindsay,165,59,Canada,CAN, W, Rowing
Howell,Gemma,165,59,Team GB, GBR, W, Judo
Park,Jiho,165,59,South Korea, KOR, M, Diving
Farah, Mo,165,58,Team GB, GBR, M, Athletics
Soares,Augusto,165,58,Timor-Leste, TLS, M, Athletics
Nguyen,Thi Anh Vien,165,58,Vietnam, VIE, W, Swimming
Ennis, Jessica,165,57,Team GB, GBR, W, Athletics
Kim, Jiyeon,165,57,South Korea, KOR, W, Fencing Women's Individual Sabre
Oyepitan,Abiodun,165,57,Team GB, GBR, W, Athletics
Tini,Clelia,165,57,San Marino,SMR, W, Swimming
Wojcik,Katarzyna,165,57,Poland,POL, W, Modern Pentathlon
Marescia,Marsha,165,56,South Africa,RSA, W, Hockey
Atkinson,Amy,165,55,Guam,GUM, W, Athletics
Faulkner,Ellie,165,55,Team GB, GBR, W, Swimming
Andrades Mendoza,Marcia Yuleisi,165,55,Venezuela, VEN, W, Wrestling
Richardson,Helen,165,54,Team GB, GBR, W, Hockey
Mingir,Gulcan,165,53,Turkey,TUR, W, Athletics
Hu,Melek,165,53,Turkey,TUR, W, Table Tennis
Biagioli,Cecilia,165,52,Argentina, ARG, W, Swimming
Sheppard,Natalia,165,52,Team GB, GBR, W, Fencing Women's Team Foil
Mehari,Rehaset,165,51,Eritrea, ERI, W, Athletics
Foster,Tiffany,165,50,Canada,CAN, W, Equestrian
Hammouche, Salima,165,45,Algeria, ALG, W, Volleyball
Jamal, Maryam Yusuf,165,44,Bahrain, BRN, W, Athletics
Chinnawong,Chatuphum,164,77,Thailand,THA, M, Weightlifting
Nchout,Ajara,164,65,Cameroon,CMR, W, Football
Viudez,Tabare,164,64,Uruguay, URU, M, Football
Ueno,Yoshie,164,63,Japan, JPN, W, Judo
Williams,Fara,164,61,Team GB, GBR, W, Football
Asano, Sakiyo,164,60,Japan, JPN, W, Hockey
Rafferty,Claire,164,58,Team GB, GBR, W, Football
Jayasinghe,Thilini,164,58,Sri Lanka, SRI, W, Badminton
Fedorova,Olena,164,57,Ukraine, UKR, W, Diving
Gebremedhin, Yanet Seyoum,164,56,Ethiopia,ETH, W, Swimming
Yankey,Rachel,164,56,Team GB, GBR, W, Football
Mikkonen,Suvi,164,55,Finland, FIN, W, Taekwondo
Takano,Aya,164,54,Japan, JPN, W, Swimming
Lindh, Mikaela,164,54,Finland, FIN, W, Equestrian
Adams, Nicola,164,51,Team GB, GBR, W, Boxing
Trana, Gabriela,164,50,Costa Rica,CRC, W, Athletics
Hassounah, Samar,164,48,Egypt, EGY, W, Synchronised Swimming
Hallisey,Claire,164,48,Team GB, GBR, W, Athletics
Langehanenberg,Helen,164,48,Germany, GER, W, Equestrian
Zhexembinova,Aigerim,164,47,Kazakhstan,KAZ, W, Synchronised Swimming
Tenorio Silva, Rosa,163,69,Ecuador, ECU, W, Weightlifting
Sato,Kenki,163,63,Japan, JPN, M, Equestrian
Bryant,Kelci,163,61,Team USA,USA, W, Diving
Almeida Campos,Manuel,163,60,Portugal,POR, M, Gymnastics - Artistic
Cotuna,Vlad Bogdan,163,60,Romania, ROU, M, Gymnastics - Artistic
Scott, Alex,163,59,Team GB, GBR, W, Football
Prokopenko,Anastasiya,163,59,Belarus, BLR, W, Modern Pentathlon
Thomas,Sarah,163,59,Team GB, GBR, W, Hockey
Kim, Myong Gum,163,58,North Korea, PRK, W, Football
Couch, Tonia,163,58,Team GB, GBR, W, Diving
Mercedes Reyes,Yulis,163,58,Dominican Republic,DOM, M, Taekwondo
Damons,Sulette,163,57,South Africa,RSA, W, Hockey
Prystupa,Daryna,163,56,Ukraine, UKR, W, Athletics
Fasungova, Monika,163,55,Slovakia,SVK, W, Badminton
Clarke,Jessica,163,55,Team GB, GBR, W, Football
Carney,Karen,163,55,Team GB, GBR, W, Football
Ri,Myong Sun,163,54,North Korea, PRK, W, Table Tennis
Trott, Laura,163,52,Team GB, GBR, W, Cycling - Track Women's Omnium
Moshi, Magdalena,163,52,Tanzania,TAN, W, Swimming
Kim, Nam Hui,163,52,North Korea, PRK, W, Football
Barrow,Sarah,163,52,Team GB, GBR, W, Diving
Kiefer,Lee,163,49,Team USA,USA, W, Fencing Women's Team Foil
Valdes,Maria Fernanda,162,75,Chile, CHI, W, Weightlifting
Adeoye,Margaret,162,65,Team GB, GBR, W, Athletics
Juwawo,Wirimai,162,64,Zimbabwe,ZIM, M, Athletics
Mckenzie,Ashley,162,60,Team GB, GBR, M, Judo
Little,Kim,162,60,Team GB, GBR, W, Football
Williams,Sophie,162,60,Team GB, GBR, W, Fencing Women's Individual Sabre
Ueyama,Yasuhiro,162,59,Japan, JPN, M, Gymnastics - Trampoline Men's Trampoline
Allegrini, Agnese,162,57,Italy, ITA, W, Badminton
Pouli, Louisa,162,57,Team GB, GBR, W, Gymnastics - Rhythmic
Gladding,Monique,162,57,Team GB, GBR, W, Diving
Rada Rodriguez,Sergio Armando,162,56,Colombia,COL, M, Weightlifting
Kato,Ryohei,162,54,Japan, JPN, M, Gymnastics - Artistic
Lina,Dace,162,53,Latvia,LAT, W, Athletics
Kyiko, Maryna,162,52,Ukraine, UKR, W, Gymnastics - Trampoline Women's Trampoline
Liu, Na,162,52,Team GB, GBR, W, Table Tennis
Yamauchi,Mara,162,51,Team GB, GBR, W, Athletics
Faulkner,Jade,162,50,Team GB, GBR, W, Gymnastics - Rhythmic
Pavey, Joanne,162,49,Team GB, GBR, W, Athletics
Kiraz, Ummu,162,48,Turkey,TUR, W, Athletics
Zhou,Chunxiu,162,48,China, CHN, W, Athletics
Tejeda,Gladys,162,46,Peru,PER, W, Athletics
Perdue,Natasha,161,70,Team GB, GBR, W, Weightlifting
Shkermankova,Maryna,161,69,Belarus, BLR, W, Weightlifting
Van Der Weel,van der WEEL Zoe,161,61,Team GB, GBR, W, Handball
Rogers,Chloe,161,57,Team GB, GBR, W, Hockey
Kubokura,Satomi,161,52,Japan, JPN, W, Athletics
Bonora,Georgia,161,51,Australian Olympic Team, AUS, W, Gymnastics - Artistic
Hatamkhanova,Oksana,161,51,Azerbaijan,AZE, W, Swimming
Espeso,Maria Elena,161,48,Spain, ESP, W, Athletics
Fairbrother, Kelsi,160,68,Team GB, GBR, W, Handball
Takooa,Nooa,160,67,Kiribati,KIR, M, Athletics
Ahye,Michelle-Lee,160,64,Trinidad and Tobago, TRI, W, Athletics
Emane, Gevrise,160,63,France,FRA, W, Judo
Vogel, Kristina,160,62,Germany, GER, W, Cycling - Track Women's Team Sprint
Butkevych, Olga,160,60,Team GB, GBR, W, Wrestling
Chen,Yibing,160,58,China, CHN, M, Gymnastics - Artistic
Munro, Hope,160,57,Australian Olympic Team, AUS, W, Hockey
Tan, Lianne,160,57,Belgium, BEL, W, Badminton
Nyblom,Haakan Erik,160,55,Denmark, DEN, M, Wrestling
Whelan,Hannah,160,53,Team GB, GBR, W, Gymnastics - Artistic
Cox, Sophie,160,52,Team GB, GBR, W, Judo
Liu, Hong,160,50,China, CHN, W, Athletics
Maksimovic,Ivana,160,50,Serbia,SRB, W, Shooting
Cheverton, Samantha,160,48,Canada,CAN, W, Swimming
Dita,Constantina,160,48,Romania, ROU, W, Athletics
Bardis,Melanie,160,48,France,FRA, W, Weightlifting
Kidane,Werknesh,160,41,Ethiopia,ETH, W, Athletics
Camara,Dede,159,61,Guinea,GUI, W, Swimming
Smith, Zoe,159,60,Team GB, GBR, W, Weightlifting
Subschinski, Nora,159,57,Germany, GER, W, Diving
Bugg,Rachel,159,56,Australian Olympic Team, AUS, W, Diving
Sum, Eunice Jepkoech,159,53,Kenya, KEN, W, Athletics
Ente,Birgit,159,48,Netherlands, NED, W, Judo
Choden,Kunzang,158,69,Bhutan,BHU, W, Shooting
Valoyes Cuesta,Ubaldina,158,69,Colombia,COL, W, Weightlifting
Ohuruogu,Christine,158,68,Team GB, GBR, W, Athletics
Macgregor, Lucy,158,63,Team GB, GBR, W, Sailing Women's Elliott 6m
Minginfel, Manuel,158,62,Micronesia,FSM, M, Weightlifting
Macgregor, Kate,158,60,Team GB, GBR, W, Sailing Women's Elliott 6m
Englmaier, Tobias,158,60,Germany, GER, M, Judo
Starling,Hannah,158,59,Team GB, GBR, W, Diving
Wong,Helena,158,53,Singapore, SIN, W, Weightlifting
Ariyoshi,Saori,158,53,Japan, JPN, W, Football
Guaman,Yadira,158,52,Ecuador, ECU, W, Athletics
Kononenko, Nataliya,158,50,Ukraine, UKR, W, Gymnastics - Artistic
Abril, Erika,158,47,Colombia,COL, W, Athletics
Huang, Shanshan,158,47,China, CHN, W, Gymnastics - Trampoline Women's Trampoline
Eko Yuli,Irawan,157,62,Indonesia, INA, M, Weightlifting
Horton,Jonathan,157,59,Team USA,USA, M, Gymnastics - Artistic
Post,Alise,157,58,Team USA,USA, W, Cycling - BMX
NI-DANIELSSON, Xia Lian,157,57,Luxembourg,LUX, W, Table Tennis
Aluko, Eniola,157,56,Team GB, GBR, W, Football
Unsworth,Laura,157,54,Team GB, GBR, W, Hockey
Sanchez Moccia,Rocio,157,54,Argentina, ARG, W, Hockey
Pysmenska, Anna,157,50,Ukraine, UKR, W, Diving
Mills, Hannah,157,50,Team GB, GBR, W, Sailing Women's 470
O'CONNOR,Caroline,157,48,Team GB, GBR, W, Rowing
Pooley,Emma,157,48,Team GB, GBR, W, Cycling - Road
Vasco, Maria,157,47,Spain, ESP, W, Athletics
Nabarrete Zanetti, Arthur,156,62,Brazil,BRA, M, Gymnastics - Artistic
Cairns,Imogen,156,59,Team GB, GBR, W, Gymnastics - Artistic
Smith, Kelly,156,58,Team GB, GBR, W, Football
Jones, Jade,156,57,Team GB, GBR, W, Taekwondo
Wang,Hao,156,50,China, CHN, W, Diving
Ng,Yan Yee,155,55,Malaysia,MAS, W, Diving
Rijal, Pramila,155,54,Nepal, NEP, W, Athletics
Michshuk,Angelina,155,54,Kazakhstan,KAZ, W, Shooting
Uptagrafft,Sandra,155,53,Team USA,USA, W, Shooting
Nguyen,Thi Thuy,155,53,Vietnam, VIE, W, Weightlifting
Bakhet,Mohammed Abduh,155,50,Qatar, QAT, M, Athletics
Knobbs,Jennifer,155,49,Team GB, GBR, W, Synchronised Swimming
Turner,Rebecca,153,68,Team GB, GBR, W, Swimming
Drabenia,Hanna,153,46,Belarus, BLR, W, Athletics
Tyler, Jillian,152,65,Canada,CAN, W, Swimming
Ip,Pui Yi,152,56,Hong Kong, HKG, W, Shooting
Om,Yun Chol,152,56,North Korea, PRK, M, Weightlifting
Piron, Beatriz,150,48,Dominican Republic,DOM, W, Weightlifting
Pareto,Paula,150,48,Argentina, ARG, W, Judo
Bell,Katie,150,43,Team USA,USA, W, Diving
Tunney,Rebecca,149,35,Team GB, GBR, W, Gymnastics - Artistic
Miyake,Hiromi,146,48,Japan, JPN, W, Weightlifting
Lapua Lapua, Tuau,140,62,Tuvalu,TUV, M, Weightlifting
Teramoto,Asuka,136,30,Japan, JPN, W, Gymnastics - Artistic
,,,,,,,
                ,,,,,,,
